{"cameraMode":{"drawMode":0,"name":"Shaded","section":"Shading Mode"},"sceneLighting":true,"audioPlay":false,"sceneViewState":{"showFog":true,"showMaterialUpdate":true,"showSkybox":true,"showFlares":true,"showImageEffects":true,"showParticleSystems":true},"in2DMode":false,"pivot":{"x":276.6095275878906,"y":147.1212158203125,"z":-118.44256591796875},"rotation":{"x":0.17195755243301392,"y":0.004438293632119894,"z":-0.0007728240452706814,"w":0.9850940704345703},"size":917.8878173828125,"orthographic":false}